Date,AAPL,ADBE,AMZN,GOOGL,MSFT,NFLX,NVDA,PYPL,TSLA,V
2023-01-04,0.010314238826077515,0.01332657620630795,-0.007923564525679994,-0.011669691815368588,-0.0437431665409338,0.04902522751864935,0.030317885113838594,0.04170019487793275,0.05124885285593783,0.025169954601856226
2023-01-05,-0.010604644308710776,-0.03798951724197108,-0.023725589118479662,-0.02134424342460406,-0.029637873224943823,0.0009372953087791736,-0.03281589721513034,-0.018277844686783395,-0.029039097760312105,-0.007055305038295212
2023-01-06,0.036794006919913524,0.013122632829606795,0.035611152390083056,0.013224988556065131,0.011785401936304174,0.018889168083167096,0.04164047827560924,0.0027534643124476066,0.024651090365942707,0.03145294357880135
2023-01-09,0.004088876435498268,0.027738575466049964,0.01486987397850048,0.007785684701589135,0.00973642114587614,-0.001204165361855969,0.05175312587678138,0.007845167988825619,0.059349011404278285,0.0039035621227290207
2023-01-10,0.004456464653726178,-0.009591200286346524,0.028731709234134817,0.004544448321468053,0.007617226947893574,0.03924864228881919,0.017980537514156403,0.010897720782775178,-0.007681374256751861,0.01139058686613037
2023-01-11,0.02111224989984173,0.012488870139645725,0.058083825879343465,0.035059907913718824,0.03023803360828725,-0.0008548536728101297,0.005782784502027072,0.007956914285826233,0.036769060182475055,0.004568376151328213
2023-01-12,-0.00059928509328111,0.004694882056183403,0.0018929468094222024,-0.004261323922294169,0.011621495553094663,0.008769770309678071,0.031873095144113295,0.01578810605188541,0.0027592625752506095,0.0068437822461735465
2023-01-13,0.010119216042325796,-0.0004643979164715706,0.029915043601747016,0.010863641613565012,0.0030186884019141047,0.008148312487867182,0.02349933763413614,-0.003760283616864757,-0.009388119582672827,-0.0025043784167010363
2023-01-17,0.008756235785396305,0.0,-0.02109661268732821,-0.009009983076173178,0.004681741550248031,-0.019830556932492915,0.047517924884038276,0.008807208337656913,0.07426473736900463,-0.00026893567357655357
2023-01-18,-0.005369934267637544,-0.008914592254748999,-0.006142675153973931,-0.0018621391206010696,-0.018889181518512932,0.0003371508526484046,-0.01835949973877793,-0.0357944965784287,-0.020609982513142944,-0.015874380592767356
2023-01-19,0.0004437177800384884,0.0035744667001549324,-0.01864654092151996,0.021180862041360937,-0.016453884686917775,-0.03232920119840854,-0.035219120915665036,-0.0072435335180204286,-0.012501946153228194,0.004328888920151819
2023-01-20,0.019220756918245874,0.040434432466861514,0.03810845093076898,0.05341205320618014,0.0357435684399634,0.08461587600226106,0.06406204181472797,0.03048855163375408,0.0491468120625187,0.01769413984180157
2023-01-23,0.023500480399885282,0.024131561775873278,0.002776315095798454,0.018057579750375474,0.009824319704756501,0.043562083000684204,0.07590127285403603,0.00518401417491221,0.07742468874848996,-0.0005795385521487617
2023-01-24,0.010062972377208768,-0.010027956468680377,-0.012305137300550828,-0.020944024580470066,-0.0022261580964589855,0.017934007340714375,0.0037511559227991764,0.0010063123403105667,0.0009739087975544347,-0.0012936141144826996
2023-01-25,-0.004700613457651048,-0.008718016806796514,0.008928577793566816,-0.025383834670700267,-0.005908089296064456,0.011351469189558427,0.003010810208402992,-0.00603170829214883,0.003752820129427681,0.00451117430430914
2023-01-26,0.014803304366642234,0.021358554903222915,0.02099198301215366,0.024154589371980784,0.030713629912529905,-0.008397642161234398,0.024789091732972723,0.021618193646768757,0.10967259156647335,-0.0008448221967766179
2023-01-27,0.013684284108123945,0.013367186137868803,0.03043737760442866,0.018970528893389238,0.0006452399891547778,-0.011236895766665644,0.028431454563257796,0.012622253474532608,0.11000180416824756,0.029949703354625656
2023-01-30,-0.020078036391223852,-0.019664908406514137,-0.01652968356145279,-0.024454072478568678,-0.021961680511879522,-0.02123237490749008,-0.05907180508542165,-0.02676283016500114,-0.06318150994943417,-0.010110590039659417
2023-01-31,0.009020830110188616,0.019041281862514303,0.025658817736008643,0.019599727503818665,0.02101265987166845,0.0021239841157516537,0.019569834922156915,0.02322951391636452,0.03936155894904236,0.004845083663520766
2023-02-01,0.007900747504989258,0.03666905336752668,0.019586971068148662,0.016086637834270556,0.01993466713269476,0.022975202677226303,0.07196601867062435,0.017425522586388187,0.047280928205116535,0.002997172481321586
2023-02-02,0.03706272784550424,0.021645127286801236,0.07379935352944922,0.07278694229922245,0.04688416554046526,0.013536353341952578,0.036575402059326745,0.048848091225138335,0.03781489703913388,-0.005803408048100311
2023-02-03,0.02439971012585329,-0.03288892754948358,-0.08431497620839845,-0.0274735231088451,-0.023620388375478862,-0.0026984129096612186,-0.02805291698153145,-0.016559365875883136,0.009082654784473565,0.0024831523432724545
2023-02-06,-0.01792884348538082,-0.010808466852267773,-0.011703250716856073,-0.017942364692177692,-0.00611579974738774,-0.012079756720101753,-0.0005213391324623284,-0.037301156889958165,0.025160537355481072,-0.0029983484867389665
2023-02-07,0.019244723165539712,0.022892615426231444,-0.0006850625818668465,0.04606413656568398,0.042022102872998124,0.004066618280474499,0.051401313927784686,0.010931634955210656,0.010525791279409002,0.00819385686802021
2023-02-08,-0.017652760625637254,-0.014225475140601684,-0.02017429777965274,-0.07683011912222859,-0.003102085523088882,0.010690106721972459,0.001443230094928083,-0.0421723176097657,0.022763049555982517,-0.004841895953893061
2023-02-09,-0.006911523139186415,-0.006739581064840627,-0.01809100582487666,-0.043876435525693425,-0.011659750984466699,-0.01180379666538689,0.005944572614485111,-0.016307112792921075,0.029956849516678652,-0.0017409384825931573
2023-02-10,0.002456230321898456,-0.012825649545066264,-0.006412838631079665,-0.004631126207153002,-0.0019725276180826423,-0.041765557650862095,-0.047992121197674376,0.03034946363662372,-0.05030873801899527,-0.009374375886354702
2023-02-13,0.018806799561887466,0.010808943290064654,0.019772567289289666,0.0004229776446986744,0.031242872334003247,0.03227205908968078,0.02459434519872472,-0.016707995699589917,-0.011427700782035255,0.007394400986860505
2023-02-14,-0.004224871402759622,0.007733317057291744,0.0016073541414833858,0.0007399181011982225,0.0031330111221952173,0.003876465132240048,0.054296064334826255,-0.0275644417385994,0.0750616556523096,0.0022282498760568537
2023-02-15,0.013903239763572106,-0.005186534762461559,0.014643999584324163,0.02386986553612136,-0.007992956307306676,0.004056067361137394,-0.009011487201539659,0.008413169918540575,0.02384709913101113,-0.0020490026434129005
2023-02-16,-0.010429248153552062,-0.02867478509679755,-0.02975486385196624,-0.014751385054974309,-0.02662278215489844,-0.02963317352318595,-0.03347376132193847,-0.015145684118991531,-0.05694553722096751,-0.013498135709574477
2023-02-17,-0.007546665163015609,-0.022757140637678308,-0.009679109147912035,-0.012145387008154596,-0.01560172103889268,-0.007841236540169216,-0.027906590652854724,-0.026977708904754927,0.031033480898909227,-0.010051753208326408
2023-02-21,-0.026679841201668886,-0.028443305934931273,-0.02695468312187932,-0.0271329627622533,-0.0208866336664707,-0.0300609027242964,-0.03427154310771974,0.007768472719142272,-0.05251789433835996,-0.013150927819790437
2023-02-22,0.0028959241236885536,0.005826330956301362,0.012793392483054111,-0.0015252169225601353,-0.004591081508973804,-0.007762948495370403,0.004792954244537295,0.0031898657626043825,0.017682553475729224,-0.002719511591305346
2023-02-23,0.003290666849624646,-0.004875006311884311,0.000313172345862478,-0.008292456240856505,0.012961857594389725,-0.033534432700029204,0.1402138734128049,-0.0038420893300172843,0.006024129792842503,0.00504497693749828
2023-02-24,-0.01800526825185178,-0.07630678723728146,-0.024212061179431754,-0.01936404431892258,-0.02178439225710538,-0.020083423829999947,-0.015973598605379724,-0.02181140226623146,-0.025684180003413215,-0.007145123533835673
2023-02-27,0.008247506545295824,0.005553125138347381,0.0027807715104863906,0.008302471793988353,0.003771746740118598,0.018540138722915156,0.009232983823981522,0.0029910752165949184,0.0546017865369246,0.003643850699314166
2023-02-28,-0.0034479232606586807,0.00505710115963387,0.005012811540044737,0.0021141537643794006,-0.0029582147925032443,-0.002786100052271867,-0.012127100353265918,-0.002304435091245005,-0.009247209573726933,-0.0018606540641982194
2023-03-01,-0.014245888569790588,-0.0017595533345881043,-0.02186145722806776,0.0033311531046378295,-0.012629225446887049,-0.02685249360621078,-0.0223121402868679,0.0029891470823939503,-0.014291975817664837,-0.007183782336950273
2023-03-02,0.004129227049952666,0.031294436775257006,-0.00043399062951077205,0.01814956759835029,0.01965324734231899,-0.00510401316652187,0.027138825761381602,0.0037929935038527596,-0.05853928157947319,0.003205647889710894
2023-03-03,0.03509003595508586,0.03160422352300407,0.030066258059702422,0.017934793437831997,0.01664607549441821,0.01058095338368581,0.024706104621941227,0.029554689426492864,0.03609219282314147,0.021501057339692986
2023-03-06,0.018539410123620703,0.008661726528125246,-0.012118034851298809,0.015803509406099314,0.006189097951047495,-0.009994269844801673,-0.014064230997946292,0.006422832060417605,-0.020122331071529054,0.013317187115505558
2023-03-07,-0.014496486694393407,-0.0063973295227545135,-0.0021333007812499583,-0.013350103596386442,-0.01058910498753507,-0.01140915159606748,-0.011125415461062271,-0.0243552376519669,-0.03147407730028162,-0.015788365790703196
2023-03-08,0.008377224852514686,0.0030162661883454955,0.003955051898638651,0.004155085542647541,-0.0017705194115862355,0.01076282073161261,0.038345961937125805,0.012414799496955009,-0.03041929843714275,-0.004391234431387003
2023-03-09,-0.014914658338833209,-0.02159958738087897,-0.017781071140368643,-0.020477456960134255,-0.0054394985032905074,-0.04493412034275135,-0.030809214956684094,0.0011867612293143814,-0.04989011995084991,-0.009811470270610578
2023-03-10,-0.01387874174821846,-0.02680499883294185,-0.0164769283801236,-0.018305914065011142,-0.014782888390121096,-0.01685804632362997,-0.020097431532585253,-0.032925062425287366,0.0030071956856769777,-0.01759005023217619
2023-03-13,0.013266049786037293,-0.015274822246453379,0.01873687738723384,0.005296307249366361,0.02144095572204585,0.002561825300526621,4.3538142071364305e-05,-0.01116709371396285,0.005996271168666301,-0.007726513926051726
2023-03-14,0.014089017199372833,0.02793967331405356,0.0265065123894086,0.03139061121972331,0.027055937713913236,0.004872040571710423,0.0477663246800335,0.008676452942050439,0.050320947926932424,0.019536556431126506
2023-03-15,0.0026215831177165416,0.0008400047717764814,0.01391230747297123,0.02277326404998692,0.017830351049588744,0.030006123381903116,0.006857105157213272,0.009148085989653998,-0.015333393227232373,-0.010472884920656456
2023-03-16,0.018693949335814697,0.058991109551533194,0.03991688242309577,0.04380393087787704,0.04053648567049106,0.02063922063699053,0.054193419327756676,0.005953115819385069,0.020393505108375454,0.004991371535930655
2023-03-17,-0.005453977963802981,0.013728115673271146,-0.010895681300578386,0.01295858884249812,0.011694196559101977,-0.021157187674150313,0.007204092623877223,-0.018291871395598402,-0.02172378153438792,-0.00027583065910563587
2023-03-20,0.015483840446897768,0.013235019937741122,-0.012531560404374087,-0.003936255643677611,-0.02576655688749574,0.005370691541392025,0.006802761959629144,0.003014128334593691,0.017320796272765726,0.0034960002024120307
2023-03-21,0.011944138148673122,0.031249989487717178,0.029679680207260972,0.03655400633524297,0.005693687622326582,0.0021630244536681165,0.01154440265659984,0.04794429968753966,0.07819919143822474,0.017419245072821
2023-03-22,-0.009103497666219318,-0.033429559416432664,-0.018984232685839597,-0.014773109719648847,-0.005442249936164267,-0.038882940306046,0.010267445188703261,-0.03102196096120824,-0.03254381959196684,-0.008605625688914764
2023-03-23,0.006969441701124568,0.020154291330454654,0.00010133876939955044,0.021572953573094633,0.01972156367456801,0.09006465386326701,0.027316037866769838,-0.023944025652172685,0.0055977366381618765,0.011588914536070138
2023-03-24,0.00830561946114683,0.016151738360645318,-0.005875816395847999,-0.001515116883958556,0.010480403638967406,0.025033616298294037,-0.015152096749983301,0.018191837641095443,-0.009416281069083654,-0.006963630490271933
2023-03-27,-0.012293344759296665,-0.004827175164928477,-0.0009171134251457769,-0.028262533024822734,-0.014933878299685621,-0.0022229999505607445,-0.009260913281241234,-0.00785049029808027,0.007352522816861606,0.0034836478216693223
2023-03-28,-0.003980242999514494,0.0006699718721403514,-0.00815996577200262,-0.013956733447927916,-0.004160810160192541,-0.01263509309090649,-0.004560752970865112,-0.008185621808118548,-0.013659325116185062,-0.006672352220179034
2023-03-29,0.019790705266522712,0.015425843223826563,0.0309543624265336,0.0035633112605912842,0.019183769233913628,0.02630443266139393,0.021734184464862638,0.02035768114250769,0.024789906342217005,0.013479795550723539
2023-03-30,0.009890001051498398,0.007226474859982179,0.0174563591022443,-0.004931462680675347,0.012619950681890257,0.019275348372176815,0.014786635457759045,0.0028309393853966913,0.007220929756684091,-0.0042095619588238264
2023-03-31,0.015643996956896444,0.00908615154794612,0.012647067799287592,0.028149565732993764,0.014962086664230823,0.020831541125555075,0.014388469156103367,0.020836175083683406,0.06237201971890638,0.013941320032169191
2023-04-03,0.0077018415821301645,-0.013727089840798956,-0.008519675143944028,0.006073408272574188,-0.0037113342542263172,0.00810463038071263,0.006768158591132778,-0.008559408809348357,-0.061168427796826186,0.015701232804332665
2023-04-04,-0.0032495413253955663,0.013339316731571182,0.015037527888523972,0.003449610198878128,-0.0001741691578508453,-0.004393013623117725,-0.018308576483222483,-0.0003984430725473276,-0.011244043709844997,-0.00585155718808239
2023-04-05,-0.011290441190771827,-0.008126716688080071,-0.027417013542964663,-0.002387286767990826,-0.009889336629421153,-0.01268923978798664,-0.020835682018576995,-0.02192401646351516,-0.036660076287605925,0.0022401231150712686
2023-04-06,0.005495918856369242,-0.0037170382466699126,0.009495540049077267,0.03780983147741224,0.025532788582387944,-0.008821438520251856,0.0058034276545604335,0.0183398785888782,-0.002479553165553039,-0.009554191523142408
2023-04-10,-0.01597225379416023,-0.011429337976238796,0.0010778033801970288,-0.01826223965772744,-0.007578723719120939,-0.0010019637265927805,0.02004655644750475,-0.005869829866331888,-0.0029720256079851515,0.0019468874752626153
2023-04-11,-0.007591252762151113,-0.013661168500830545,-0.022022120390757682,-0.010240603887491262,-0.02266822870239582,-0.002300949295752308,-0.01486634911992002,-0.012613994288191877,0.012357047570192181,0.008921120110556346
2023-04-12,-0.004353078035434832,-0.0032873561781672223,-0.020916697119598093,-0.0067394085453763575,0.002333534587795283,-0.021229392558424487,-0.024807699384857163,-0.0010872768288098245,-0.03346003653646468,-0.002801446887058301
2023-04-13,0.03410351332540218,0.02408816889258225,0.046713683014299345,0.02666286900301329,0.02239922793826632,0.04579646472529153,-0.001207814011477959,0.02748294752471292,0.029688716127604264,0.021421321403615634
2023-04-14,-0.002114054226195039,0.0015311961682553665,0.001074224694457282,0.013404054895999051,-0.01276565153019149,-0.021837711965334128,0.011147736494805383,0.01337396955940151,-0.004841279860318459,0.0057157915750589705
2023-04-17,0.00012108024751245061,-0.0038483616328939263,0.0022436418178335416,-0.026637270274915914,0.009296076208499704,-0.017452687525887134,0.009118714215229362,0.010453457004029554,0.011026990735853115,-0.0023075575967692608
2023-04-18,0.007504766725457079,-0.000979110980150244,-0.004282604839014548,-0.013871853353272123,-0.0014888796698123707,0.0029454525809466947,0.024627798090653297,-0.01176779568811459,-0.014595786064655836,0.0005140499281715005
2023-04-19,0.006968117432457399,0.0067805526191608845,0.019550341547772243,-0.003062204076477393,0.00027748350678002964,-0.03170517441659482,0.009542033957546714,-0.014394118038177361,-0.020183393575926356,-0.00440932438813979
2023-04-20,-0.005846182904884145,0.0003946868533952763,-0.0046980391066805405,0.010654626473678208,-0.008112324426296946,0.006901494862672886,-0.029608641623610876,-0.023101405613642045,-0.09745828230593856,0.008728656824271486
2023-04-21,-0.00978093057284568,-0.006811119421910816,0.03034391291745231,0.0011397377536770392,-0.001223310315420112,0.00808361713070238,0.0005533426932258223,0.008154368839222492,0.012822849668400638,-0.002344474562263832
2023-04-24,0.001878532706808711,-0.0008738239153500693,-0.007011967150520215,0.00531257615234737,-0.013962818455638737,0.003170857956301232,-0.002839273399871778,0.0014828877042196709,-0.015325895028073244,-0.00551175561429873
2023-04-25,-0.009435733942996238,-0.020538506586140537,-0.03427172037496595,-0.02000565527325404,-0.022536071925174594,-0.019664462454389908,-0.0296205512724097,-0.03378654065551179,-0.011565701922588656,-0.01361905397983787
2023-04-26,-6.107244334552231e-05,-0.017668223826401763,0.023496184744855597,-0.001348094981966641,0.07243487628615153,-0.00434039358074001,0.027247367549619428,0.0039007910846835525,-0.04306963495243776,-0.006272108233644436
2023-04-27,0.0283952685075326,0.023026540862000067,0.046103983455159314,0.0374119874554919,0.032027596653980916,0.014634944095767821,0.010016270245341907,0.03066887537257612,0.041886194740853755,0.0037694597116750828
2023-04-28,0.00754113630693376,0.016531107395627798,-0.039792412663683385,-0.002323676137860109,0.007971671827517568,0.012521057222167231,0.019209707527377606,0.023293435238024962,0.025719427270091355,0.016243831926739727
2023-05-01,-0.0005304170251299034,-0.009031686842248643,-0.032242712137328766,-0.0013042637662660228,-0.005532708255273855,-0.01760978900849175,0.04183932883019814,-0.011710518284847815,-0.015093395194377579,-0.0009452853932387928
2023-05-02,-0.006191452542735121,-0.014673233526482199,0.015482549283793778,-0.017537252018374305,-0.0004909613976431526,-0.02027029317288287,-0.02421315416701486,-0.037678096232962366,-0.00939259874721976,-0.023783908144687116
2023-05-03,-0.006467310342517574,-0.06350025343016463,0.00019303553981586674,0.0008545416754237589,-0.0033071143328203823,0.0055109433704054744,-0.014462865678219972,-0.0117598019988423,0.0018713932775662467,-0.004405698396799829
2023-05-04,-0.009913392937793142,-0.02728461528670345,0.0033767339022539034,-0.006830423998154811,0.003318087627972366,0.004635173952113547,-0.00863251039694557,0.0053198551280200235,0.003673471985857102,-0.0016814866297166775
2023-05-05,0.046926928512593946,0.03742967521309737,0.015961573674128537,0.008405686245011257,0.017157169478305923,0.006172488914093499,0.04056310016347964,0.044005065722651615,0.05496278398315546,0.027393553722789843
2023-05-08,-0.0004033694250571429,-0.012456935746044007,0.0016089169321718,0.02083926615870113,-0.0064380673990297455,0.02618038615003493,0.016422581142214288,0.007336206661437306,0.010172855182730478,0.0019415267294613514
2023-05-09,-0.009971153283349854,-0.004098133093398237,0.00746481056277859,-0.003897179164354947,-0.005345809885703767,0.002807956333906514,-0.019896495233078126,-0.12731724432157132,-0.015367597024416146,0.004435270153550386
2023-05-10,0.010420946882883309,0.0039982347631424275,0.03348339526223332,0.04098744817388433,0.017296323665250357,0.009875349655682708,0.010990290914594025,-0.03831268883923922,-0.0036062703657255835,-0.00853123655043242
2023-05-11,0.0010945694189818944,-0.007092618217917845,0.01805969525073481,0.04313193563721818,-0.007044281640987804,0.02784567397288873,-0.010628446633496158,0.01262226607097694,0.021003967520705658,0.0008230778916149539
2023-05-12,-0.005417509607182236,-0.01794594123253035,-0.01711533396079623,0.008063861415883888,-0.0036760437721949923,-0.014125754087599196,-0.008327999066840008,-0.03879715903126901,-0.023826162598143963,0.0016017349299428663
2023-05-15,-0.0028972768101299673,0.030466540017281663,0.008525256609829501,-0.008509930765893792,0.0015858206721741652,-0.011768512835357514,0.021630197212048285,0.009077668759236435,-0.009703474612936969,0.006180240933364889
2023-05-16,0.0,-0.0016201233963528683,0.01978421437062372,0.025748913771170834,0.0073677294843048635,-0.006371176739735418,0.008980072424488394,-0.023293184946818535,0.001021930644472091,-0.010051027919617428
2023-05-17,0.00360314065807521,0.0333807192495883,0.018518504813616277,0.01112871679967431,0.009451636780137163,0.018606715970271637,0.03303322820062915,0.01085526078444099,0.04407876621166107,0.009458920017782368
2023-05-18,0.01366605472684701,0.010655266637526584,0.022943736154795724,0.0164681036090768,0.014394832000543811,0.09215795351607903,0.04970506634876948,-0.0030914192896073223,0.01742780840135616,0.004083414789904927
2023-05-19,0.0006285141154451779,0.030019719624031715,-0.01608126535201726,-0.0005699230613195327,-0.0005650694025346459,-0.01597140525434282,-0.013069018328598303,-0.005712457747729771,0.018373000232992265,-0.0012414820900080725
2023-05-22,-0.00548078284553799,0.0021548492739897895,-0.010666648290490577,0.01865429795619744,0.008921202836837727,-0.006431945697819796,-0.0028146925510801335,0.03463559871587729,0.04846228354123516,-0.00870091335336054
2023-05-23,-0.015154951450846443,-0.004381062810681735,-0.00017393506729301844,-0.019912087665079903,-0.018431951166820615,-0.019338363522764634,-0.01565309677316684,-0.01634140566785469,-0.01641335799687571,-0.028969171798760796
2023-05-24,0.001632001625840429,-0.01258032366822559,0.015305697616548875,-0.013544318975570402,-0.0044725712216358016,0.02488838482033562,-0.004887871381165199,-0.0032258187570879393,-0.015449266889003499,-0.010374922055423896
2023-05-25,0.006692276861107294,0.0719050390714433,-0.01498929336188437,0.021339943882021428,0.03845787865659278,-0.016034003030428456,0.24369631858619645,-0.03932039377305596,0.008583965973816943,0.005084338609783634
2023-05-26,0.014104875829733743,0.059506241991334585,0.04443478791610045,0.009151244227390887,0.021385598419757068,0.05537605816939406,0.025434428241581042,0.014317033924719613,0.047162123329924865,0.007297019527235271
2023-05-30,0.010659499673281614,0.00438136869558825,0.01290486257498391,-0.007543509140955917,-0.005046717453208838,0.037214964954080276,0.029913237647555047,0.030388541668250335,0.041362559242642094,-0.01497714771781633
2023-05-31,-0.00028192921839942375,0.0013902281865803001,-0.00887721353399118,-0.006468803957138891,-0.008514188332865325,0.005725482052771014,-0.056767519870135175,-0.0009669227934158142,0.013770078361723614,-0.0027521667875930467
2023-06-01,0.016022468740503948,0.02144616020446244,0.01816217265513176,0.006917850563412209,0.012759104480966954,0.01998834520882986,0.051170969907991415,0.017099492335744815,0.017604137329555458,0.02474769663278975
2023-06-02,0.00477536784980348,0.022542460731546532,0.01205508998453797,0.007678588692993316,0.008479301266365091,-0.0065983767764511425,-0.011139143528407502,0.014432987445259338,0.031081326211682914,0.010110395328107202
2023-06-05,-0.007571139811643812,-0.005018682461928048,0.008450728786783213,0.010748429130646997,0.001609983456335673,0.007666010724550754,-0.003966547322202141,0.008599172289408763,0.017011727666879306,-0.0088289888494395
2023-06-06,-0.002060283070541735,-0.002971067412373851,0.010454888481148839,0.010316625315829109,-0.0067273125777856935,-0.010531793403396605,-0.013198551719219687,0.007905665632423009,0.017002881015874438,0.006394030113884952
2023-06-07,-0.007756287574766985,-0.033657526926444525,-0.04249267220189956,-0.03778181767348443,-0.030868017591779928,0.0012020848467988454,-0.030401130080718097,-0.015072220518848156,0.014730512862447087,-0.012926127797828313
2023-06-08,0.015465069437959222,0.0495075327320571,0.024911297199049942,-0.0029387240097885625,0.005813625030981706,0.02401382386707196,0.02761842950131088,0.003123000396361597,0.045820870777622646,-0.009854742044259956
2023-06-09,0.0021598693575544115,0.034097900513237134,-0.006599595129369917,0.0007368620246339663,0.004703939106938115,0.026015570323945303,0.006751489079030115,-0.011674909873023553,0.0406199151040636,0.002286385167485472
2023-06-12,0.015638785427198654,0.045440539389454804,0.025439515368102628,0.011535588201016633,0.015483940067413604,0.00940434338924434,0.018364649560381308,0.003780089107336293,0.02221770896144215,0.011674718224147451
2023-06-13,-0.0026117144737775044,0.009186071901710058,0.0007111003199982147,0.0015367732111690735,0.00735278239150694,0.027737834591516686,0.03900522196517198,-0.002667474818239257,0.035544128242966044,-0.012247346384487323
2023-06-14,0.0034913488040304586,0.0011273900414028315,-0.001894879884926648,-0.0012921260988746353,0.009123753989675798,0.011773286750715206,0.048144854919137,0.0006292809937993304,-0.007421371317580694,0.00017910006827426272
2023-06-15,0.0111987689465467,0.02373158073901882,0.005458016543269828,0.011482116215509208,0.0318966076069116,0.01000318425042046,-0.00800050976071065,0.035377359339332726,-0.0034659239799892383,0.012217915429667103
2023-06-16,-0.005859961304193417,0.00869810959609385,-0.012744888197649074,-0.012470965378274412,-0.01657571423371118,-0.0298919709097778,0.0009143055902718356,0.00880792474555081,0.01813214052015355,0.012114904419121997
2023-06-20,0.00048669371109721915,-0.01882145373817845,0.002310948445805039,-0.003480976008861325,-0.012502605476892081,0.006343228090923914,0.026140716271624953,0.037031447737039924,0.05338912722001776,-0.010659241425077237
2023-06-21,-0.00567527594736561,-0.01724771460479657,-0.00755284590127181,-0.020714839096859117,-0.013282030664235278,-0.023579479439071904,-0.01741690980941968,-0.010161082224474094,-0.054618400747766804,0.0034441574596137947
2023-06-22,0.01652518311697282,0.00020938171994044907,0.04261789623803569,0.021567844012678306,0.018437464126016323,-0.004641303249020123,-0.00046451384592549605,0.00557262413569326,0.019848894111198723,0.005016522240149923
2023-06-23,-0.0017112277561486255,0.01495040589888097,-0.006300361919969633,-0.006577430657656813,-0.013805889138951977,0.0036450908618101963,-0.018965850436318266,-0.02377128861998523,-0.030270888067223778,0.005079008519796702
2023-06-26,-0.007552927359418926,-0.010748455689794989,-0.01546431587167707,-0.032695769766619365,-0.01916297345246487,-0.01905567374561934,-0.037361669151556365,-0.007469375287783353,-0.060600166336257755,-0.014158161308653439
2023-06-27,0.015059001934415006,0.02035406779686899,0.014529104045574393,-8.442370943062549e-05,0.01816802864248812,0.002740741751618314,0.03061621316635499,-0.0031607326423243043,0.03800042956291749,0.004595705148624951
2023-06-28,0.006327843587032422,-0.013980003865921797,-0.001083754432466999,0.01563422857131802,0.003825853699567894,0.030593675497335715,-0.018124873339933067,-0.0030198485202972414,0.0240996896954786,0.0027272632578434486
2023-06-29,0.0017965174080221136,0.002777597492349848,-0.008834406537251538,-0.00898655315578989,-0.002382113888890647,-0.0037223295113233412,-0.007174709608013585,-0.0025745596257471526,0.004917303362650394,0.027899648014039213
2023-06-30,0.0231025195667518,0.010790254334184457,0.019233769000189582,0.0050377806290975435,0.01638561587104337,0.028605455537432656,0.03625496224121072,0.013209880633455295,0.016582481606492783,0.013485717345664394
2023-07-03,-0.007784621957879545,-0.007730217089893965,-0.0010739443770555468,0.0016708854103786308,-0.007488213048155501,0.0021567169018432697,0.0026239647205783534,0.020530421823291345,0.06895373445427366,0.002063281654489657
2023-07-05,-0.005871398659253235,0.004225012564970321,0.0012287180203460757,0.015429510284970638,0.00047336998113611806,0.010103278883680566,-0.0022633408862000604,0.011013216105797863,0.009506123909958086,0.006219359642908762
2023-07-06,0.002508710991097285,-0.012252187951099724,-0.015493205988729275,-0.013470184737224389,0.009226710974913566,-0.015833141186883948,-0.005057066710141944,-0.03936091713191936,-0.021028045208104085,-0.0023804328267518216
2023-07-07,-0.005891296024427395,0.008269401811981547,0.011062622017709689,-0.005245210957245172,-0.011867409100720261,-0.0016862415471474712,0.009500399954829541,0.009827661504040464,-0.007630056425625198,-0.010172521337453944
2023-07-10,-0.010855812396779352,0.022832685599132763,-0.020419182854096718,-0.025359964149021974,-0.01598366692493014,0.008240094273610943,-0.007599448798234487,0.03728099759900827,-0.01756370459810941,0.007231970166082569
2023-07-11,-0.002810075662005973,0.016903362602376237,0.012978852839820476,0.0059253556184128975,0.001928815314404364,-0.003395893298810626,0.005334304813385815,0.019341858990990612,0.000667717084456676,0.010035274901333713
2023-07-12,0.00898560508037205,0.005190781725004312,0.01568569880112225,0.015280865702284485,0.014226884157880315,0.008723101275365908,0.03530243125797439,-0.00042489956845626065,0.008154422401772665,0.00690082451534324
2023-07-13,0.0040575250889036685,0.019552278917776,0.026758409161619312,0.04717060563733155,0.016192209023199178,0.014255190325092482,0.04726445022559789,0.025499407070965097,0.02172875427149612,0.004541487810071576
2023-07-14,0.0007872578078778059,-0.00473633635221038,0.002829408900884234,0.0070659946271676155,0.007529217635085628,-0.018806343818276283,-0.011049060717796433,-0.004006090868524215,0.012522529912772917,-0.0006165083557896356
2023-07-17,0.017305485108616292,0.013926893677811636,-0.008315972513331604,-0.006139387419340947,0.001419329951897641,0.01842000421670309,0.02181706092838631,0.019278771415610407,0.03198521516746822,0.003413471735621787
2023-07-18,-0.001340248844694747,0.01959766373323757,-0.005465676406731013,-0.007139970568761922,0.03979984960341865,0.05499389105946473,0.022233725889830636,0.01197448507814336,0.010193509901870401,-0.013197284159200295
2023-07-19,0.007071764907940148,-0.009507163715462341,0.019046892602732513,-0.013978692053107866,-0.012267444422152551,0.005876176530439148,-0.00878011007234858,-0.0020169627583589422,-0.007090702250741598,0.00269961297244814
2023-07-20,-0.010097379194678346,-0.019519279095785436,-0.03989357175040831,-0.023191048285030824,-0.023121539991211693,-0.08410976615543753,-0.03307347280299455,-0.01616821015764125,-0.09737009860008494,-0.007455890324055914
2023-07-21,-0.006161646591601566,0.006481147566729684,0.00030773533446226686,0.006879205909109398,-0.008937124734394675,-0.02267846262908413,-0.026603744434989585,-0.00041082964497396457,-0.010954754468143868,-0.0015439890568010872
2023-07-24,0.00421996055549223,0.006977692595766305,-0.009230745755709147,0.01258124763296542,0.0038979284560856087,0.0020350762975145376,0.006838352612040355,0.009590417839759668,0.03476659075024635,0.006227733076109576
2023-07-25,0.0045136152753355585,0.002825261606711482,0.002562125956798944,0.005595339904627794,0.017009145615187293,-0.0015640285682776423,0.023917424860795622,-0.00990640972653034,-0.014048906614123058,-0.008515411716094046
2023-07-26,0.0045450780102833654,-0.020539152759948665,-0.007589335934878205,0.05776944497187686,-0.03763752511360552,-0.011760576655915678,-0.004969470946692978,0.006441902776875841,-0.0035057022016762307,-0.00666134837658261
2023-07-27,-0.006581046457035389,-0.0011272317629071882,0.0007803832093540297,0.0010055391510905842,-0.02087207617242437,-0.022476162723155335,0.009856605472923663,-0.01906579763122007,-0.032683938680391544,-0.011218919456685406
2023-07-28,0.013507987279212985,0.028990068026112148,0.030877245332297854,0.024575014202003143,0.02313130474270375,0.03052008844240106,0.018518458477476907,0.027072117321723432,0.04196157931177735,0.005587838395355815
2023-07-31,0.003165972708583098,0.03271122951328587,0.011118568090654923,0.0010560213264456664,-0.007240552913627685,0.03097844539250727,-0.00044924876530050284,0.024871536285462792,0.00371562162326855,0.008398744558449911
2023-08-01,-0.00427592063415938,0.005364616817953527,-0.014886223394710907,-0.00881552611790537,0.0012502302694343825,-0.0007973349033927324,-0.0047507524869223605,-0.003824860415386433,-0.023781870118334214,0.008623228448089826
2023-08-02,-0.015489928750494042,-0.034237823035609405,-0.026425663778747666,-0.0240973047519224,-0.026282953823565713,-0.02033647122670057,-0.048121732717792964,-0.03084869414420477,-0.02665954157355066,-0.009258649434097821
2023-08-03,-0.007321689384190755,-0.012332600750307732,0.005459768439170398,0.0005452251921644891,-0.0025647474291952133,0.0030253380405826924,0.005556925124424961,-0.12322400299339098,0.020502958173047814,0.005051444927502091
2023-08-04,-0.04802000699401787,0.005956917403036721,0.08269337801006271,-0.002646980435987656,0.0034285191328202735,0.00139212553019874,0.0037065458079001967,-0.022281089099036033,-0.02105509239416581,0.0009632844799909446
2023-08-07,-0.017253812568587046,0.005409154948993411,0.01898684357254843,0.026695787551727967,0.007108443525139396,0.021223363143123786,0.016495136085748152,0.026613516636578627,-0.009493435973824349,0.010544367336029481
2023-08-08,0.00531168800912174,-0.0172352051411806,-0.016031491771390738,-0.0009883777921382286,-0.012298982501113609,-0.00558131844575549,-0.016579664770411506,-0.01909344267614821,-0.006959634206558429,-0.009192137259300237
2023-08-09,-0.00895431566882976,-0.013100166363601229,-0.01493494570121734,-0.013241903385409981,-0.011715885093561695,-0.02144648450440856,-0.0472416841636184,-0.018515559334903675,-0.03007606967809695,0.001964135710885495
2023-08-10,-0.0012346193772742042,0.003990010658402321,0.005150463718840648,0.00023139483605438826,0.002172307852073452,0.002518109361653309,-0.0039009366713602667,0.012415357176400743,0.013006292021680244,0.0035519230647127475
2023-08-11,0.00033759228698881927,-0.014307048132732314,-0.0010825194798443905,-0.001002518251403739,-0.005945540011628947,-0.01934975373653658,-0.03616585380081472,-0.01990762831301196,-0.01096438608281991,-0.000499696469065114
2023-08-14,0.009393118917838894,0.027141287170133088,0.015605834874352187,0.013661655137122475,0.009439017653090964,0.01451405175742404,0.07093370050570269,0.028111789348378657,-0.011910156448968756,0.011914629966853552
2023-08-15,-0.011200319027559247,-0.006797487396780766,-0.020630355012962953,-0.01180228954925544,-0.006727585740175845,-0.009537581429492237,0.004274057741947113,-0.060060047567049746,-0.028361644764614224,-0.012638868607592557
2023-08-16,-0.0049591090328944265,-0.0081164871285484,-0.018885675014943426,-0.008321805678103922,-0.002428607167272223,-0.01947132348905578,-0.010332292386731945,0.0035311767304881947,-0.03159340830287438,-0.0022516321837491304
2023-08-17,-0.014555085676430601,-0.005481111120074433,-0.008069975106044458,0.009479378417137863,-0.01098613516388014,-0.02996753361708182,-0.0032653918654510505,-0.018096545333982195,-0.028280162722535862,-0.008023763223652058
2023-08-18,0.002816046214493273,-0.006918538221942994,-0.005672447612115605,-0.018934701333713333,-0.0012624044261831946,0.0037965230255505578,-0.001038210422090291,0.013993169218022183,-0.017014851321818125,0.003370357804943769
2023-08-21,0.0077367811066269,0.024285056386619708,0.01095925117625085,0.007139507715005822,0.01706274072151781,0.009294761271033458,0.08471323613910631,0.0015146441494662266,0.073274828918382,0.005416217022959691
2023-08-22,0.007904892465395719,-0.001902108267721192,-0.0031926989840012077,0.005530861294466893,0.0018018328979960696,0.011952300523355941,-0.027657706521838077,0.02470175201082503,0.008258403978685713,0.0046355281315275665
2023-08-23,0.021948954154035194,0.021617852325652498,0.009459994580714559,0.025488038672192515,0.014079311088862623,0.03480401262893085,0.03170719540735645,0.012791059120238701,0.01573823118710882,0.007191238245901177
2023-08-24,-0.02617053107501921,-0.0344444772852186,-0.027154721211281152,-0.01956629242399499,-0.02149847632112556,-0.04822826735097996,0.0009974504111405214,-0.017001283445541415,-0.02879341090367582,-0.011679788280558712
2023-08-25,0.012643157848264863,0.024647278776290582,0.010770617478674804,0.0007705244839864012,0.00940710212086393,0.022362583902155286,-0.02427750229231107,0.00790643303368288,0.037167463490241914,0.012945326473083663
2023-08-28,0.00884610186169077,0.00925605716329625,-0.0009004586682715976,0.008700246457975291,0.002229297607809766,0.0048794528886215716,0.017753960038249694,0.007844411717747857,0.0009640428763089126,0.005194272879622597
2023-08-29,0.02181032766432356,0.0200974199077677,0.013294308852149106,0.027173651951696076,0.014550456937614475,0.0285365563446649,0.041614197349810755,0.013458762051214768,0.07687791972402569,0.006192886275647735
2023-08-30,0.01917225684042423,0.00886097630731264,0.0011860029483812262,0.009734625789101559,0.0011570577109285551,0.010884028232397869,0.009839176897590729,0.014719970703124918,-0.0010887269121663268,0.0036276511496811104
2023-08-31,0.0011724280405067677,0.02563452009573841,0.021766395374215985,0.0021342751845652153,-0.003132608306438689,-0.0022776375672800553,0.0018471935330255373,-0.01434878388025096,0.004593198535678855,-0.0022337486155165065
2023-09-01,0.008463338142902677,0.006918859604852612,0.0007970481467276525,-0.0037453133100144864,0.0027458885413089718,0.014296283692446954,-0.01714108686986271,0.016957309258571307,-0.05064318329763218,0.009890891889506204
2023-09-05,0.001266683203717811,0.0029651157561207953,-0.006154002858205887,0.0008108848881280828,0.014878560269944607,0.020005428060575703,0.0008040094593235736,0.0026742486150495015,0.046855214011356505,-0.011164348021672876
2023-09-06,-0.035793309338170154,-0.005204649511388104,-0.013914209970579572,-0.009648699095359925,-0.0020085773771562065,-0.006507940977582782,-0.030549586811287277,-0.014747449272876523,-0.017817428513501543,0.003342258576306545
2023-09-07,-0.029249352760526315,-0.002633698370502313,0.018395430569861038,0.005949645467343334,-0.008922224490326536,-0.005877591214530575,-0.017424319262323795,-0.01831206568714394,-0.0017068620153485314,0.003981188925969992
2023-09-08,0.003491678593940728,-0.0001784901994287269,0.0027565441218631026,0.008280442459355886,0.013215662316705457,-0.0007673124615895643,-0.014467574924685422,-0.010867834015564903,-0.01188916230408743,0.0006068706928838985
2023-09-11,0.006622576259695867,0.007388133979338463,0.035231212663680456,0.003959427184646591,0.010979171544390764,0.005781385793060867,-0.008645715551160893,0.015578890949014434,0.10092549928477124,-0.00028295594185445694
2023-09-12,-0.017060653895207945,-0.03948623211221214,-0.013067856717097759,-0.011539566091428921,-0.018257680006626198,-0.02395810863370107,-0.006817491587399638,0.014209608651361227,-0.022296863386701782,0.0003235761748106025
2023-09-13,-0.011854818905440712,0.02093280302094791,0.025632022130484877,0.010122722861424904,0.012930654084119642,-0.05164602839021448,0.013706383474821893,0.0004776115051898788,0.014281354305895722,0.002143091829042598
2023-09-14,0.008782632566274096,-0.0025291285863088264,-0.0008975138235036706,0.010167550995870522,0.007855759710815091,-0.02850281457002668,0.0021105551749958096,0.02546152585826289,0.017471511114000693,-0.025541651625389905
2023-09-15,-0.004154085584957445,-0.04214350845384929,-0.029919857618376344,-0.005068944122258223,-0.025036855417571946,-0.008864111162656618,-0.03687944461641923,-0.0035692636284849755,-0.005977372284481253,-0.001780511307225563
2023-09-18,0.01691345784520415,0.006674295532059116,-0.0029204620264398073,0.005895274163491893,-0.0035128379001341248,-0.006398973470296165,0.0015033516214895126,-0.01977885805749502,-0.033200974462619715,0.014891967104672554
2023-09-19,0.006180816851556248,0.01741110369408183,-0.016788047695762587,-0.0012300843551154017,-0.0012459898694187066,0.004563941020291562,-0.010144128372994277,-0.011916110841504457,0.004598918977371191,-0.004496102585238582
2023-09-20,-0.01999221710434418,-0.010910249622283819,-0.01700219075536713,-0.031150310893340527,-0.02397686939502741,-0.02498744096173655,-0.029434688592842817,-0.02138604350742379,-0.014671683535119606,-0.0069797613262163605
2023-09-21,-0.00888934956176557,-0.04087502933396525,-0.04405345369833069,-0.024674756077766813,-0.0038657657039615767,-0.0055656069490652715,-0.028930654899203767,-0.036805810976048514,-0.026238620989897266,-0.0217068354365475
2023-09-22,0.00494442339336576,-0.001907021988476587,-0.0016238050792075631,-0.0014566592916311905,-0.007886498658545071,-0.011297660827400913,0.01445735769246359,-0.012623641713630729,-0.042315182614647506,-0.006466249789182754
2023-09-25,0.007380319579574746,-0.002534642715277702,0.01665124873434287,0.006602763832002756,0.0016718983883883265,0.013138122393961504,0.014708065558076688,0.016931574363363122,0.008616467528091087,-0.007316742744677862
2023-09-26,-0.023398419543013693,-0.010359691648390013,-0.040298626825268746,-0.01937297372874691,-0.017005684960516132,-0.014423045657565803,-0.007365819305406696,0.001189257460046722,-0.011619945391094011,-0.015898176638836192
2023-09-27,-0.008897548129959798,-0.0073078842161973245,0.0,0.015322282165391998,0.002082337582732352,-0.004377069643004328,0.013290018311533425,-0.026981166542574098,-0.014828753029631048,-0.0006531564270545465
2023-09-28,0.001525709876532222,0.004118597889138043,0.0,0.013559092746366241,0.0027174662284050743,-0.0032575306503285217,0.014622765427324769,0.01464946198731365,0.02444908475181906,0.009411787050476628
2023-09-29,0.003046412757111039,0.010363168663871658,0.009049050319664742,-0.010959080618598405,0.006727353893768662,0.003294773090170011,0.009515214283589035,0.004812629388590173,0.015585665483353939,-0.007122580925560507
2023-10-02,0.014835621181490177,0.022023948069722854,0.01840783446134786,0.02529414992161061,0.01916081789889157,0.007229821039784534,0.029494949707592477,0.0017106105094846225,0.005515166158101437,0.005478113835547083
2023-10-03,-0.0077698199747371355,-0.027056600025719746,-0.03661366636292884,-0.012968631605673964,-0.0261341699278983,-0.009412843316748076,-0.02824802292552664,-0.021516429417386407,-0.020151062008054166,-0.010636983288599189
2023-10-04,0.007308618627420493,0.022464122750688098,0.018280939360016735,0.021218867311194378,0.017773331169659734,0.00039812580354170457,0.012041302050065594,0.022164057149624883,0.05934371052307452,0.010532804713175636
2023-10-05,0.007197976870592537,-0.0038192595463534262,-0.008188983586829512,-0.0012570980745468807,0.0012539796678627813,-0.011435387711302258,0.01469082429498636,-0.018610212707312224,-0.00425032873937603,0.009774166881181268
2023-10-06,0.014750511032270763,0.019828034594467248,0.015878056641289273,0.01858298084100518,0.024737099306187282,0.023940560711257275,0.024033334958426522,0.005045249092499482,0.001845841218459432,0.006681516087083894
2023-10-09,0.008451132519332827,0.004955543001173401,0.0023444468936362206,0.006105523729620366,0.00782241458928623,0.011637971030259209,-0.010685754797692182,0.0032888804778163916,-0.003300907210654902,-0.0025527123809749863
2023-10-10,-0.00335215795381949,0.006480365807349564,0.009511938819224852,-0.0026007897059671103,-0.00433560839867797,-0.03272445778816946,0.01159642222347701,-0.004140749957910694,0.015211543440507347,0.0092135322097191
2023-10-11,0.00790398111400803,0.03226836496990626,0.01814956889912689,0.01803568409414602,0.012272044080216427,-0.019795388683841564,0.022009541394711896,0.006063729499637516,-0.002389822071472425,-0.003888476246387551
2023-10-12,0.005061230991029175,0.017675678225473,0.0037927633547389927,-0.011241639880154697,-0.0037904828274647473,-0.012925916332146126,0.0029697774945303124,-0.029533324635797276,-0.015665976919941982,0.004667350499397482
2023-10-13,-0.010292781558564612,-0.01942353880661507,-0.019194502454286222,-0.0115852342785836,-0.010357442373363779,-0.015282445583324256,-0.03161151785482064,-0.010735507890172191,-0.02993780718577166,0.0037587320173222416
2023-10-16,-0.0007268124420162225,0.0036080990478799535,0.021265196921155027,0.012667564160523614,0.014981745156655624,0.014451233564669153,0.013946168536423276,0.022421524663677195,0.01115006015531006,0.010098116506118249
2023-10-17,-0.008784760025806637,0.016977224800971413,-0.008147882355257097,0.004457143334086089,-0.00174364087308998,-0.014134488110391752,-0.046794748109558304,0.002807014866879065,0.0036626021631882555,0.004706924518637301
2023-10-18,-0.007394868809085908,-0.003963705175657695,-0.025405007278304192,-0.012596607134793714,-0.005872445304673346,-0.026790730761816484,-0.03964670832152328,-0.02379287288282128,-0.04775363208267347,-0.015464395752917914
2023-10-19,-0.002160949592836081,-0.0038181026071586466,0.002107149015711185,-0.0015222043405689334,0.003665554802164017,0.16054763621220602,-0.002251373063584472,-0.017741897442751342,-0.09300310180733784,-0.015412448868886597
2023-10-20,-0.014704273181446292,-0.026595113760817357,-0.02515573116103942,-0.015607888670972847,-0.014034805918501259,-0.0020160728295866015,-0.01695928750528697,-0.02590771662221758,-0.036890623300491754,-0.0018391378941835512
2023-10-23,0.0006941263056789992,-0.0010168012529265802,0.011104892625885654,0.0066370791624397185,0.008112104372492102,0.014664816959602422,0.03836959527980088,0.0011238316908961377,0.0004245310418349302,-0.00792700077753472
2023-10-24,0.002543334894712146,-0.0015728347517194319,0.015802781594350668,0.016923008224917213,0.0036742547833112926,0.016935440739497043,0.016009222960270186,0.014780185299363202,0.02093550737020089,0.013475644861541625
2023-10-25,-0.013491583681319308,-0.034138896496225035,-0.055771610960691276,-0.09509396395118408,0.030678048695333082,-0.005994273851238852,-0.043148736707531166,-0.05070058840156244,-0.018935922882932887,0.009375610344456442
2023-10-26,-0.024605545723220268,-0.01316342088256317,-0.01499299533713827,-0.026510664587828137,-0.03751428281335323,-0.018747699586816102,-0.03477809558348299,0.005049491416931451,-0.031352997455599385,-0.023516966904199466
2023-10-27,0.007969296524436231,-0.011977976644571453,0.06832816082460003,-0.0008995503185373899,0.005855585378353068,-0.014050684709501882,0.0043148187431722995,-0.02628020503094808,0.00748448962886572,-0.008690797957943475
2023-10-30,0.012305189283671414,0.03703850961401023,0.03890722509168976,0.018744386034156735,0.02274029867579963,0.030688394714162515,0.016320931432755925,0.013097834002905095,-0.04794984223383958,0.016618058978042916
2023-10-31,0.0028188241791995416,0.009716466947784719,0.002863308000901066,-0.003053173705024781,0.0023717060005363777,0.003926102033406265,-0.009256316969367573,0.014691479161776932,0.017632730628176496,0.008666483254606172
2023-11-01,0.01873862161676465,0.023380826407713995,0.02937864429857373,0.019100547437729265,0.023542756493529104,0.020646602904110578,0.037886348812906645,-0.002702690959660803,0.023999240251476817,0.014802239770849823
2023-11-02,0.02069331941350283,0.026097377360250196,0.007810272439553012,0.008224618294812025,0.0065016085297529,0.010757012273994171,0.02790295613233007,0.06581497359507305,0.06248172039245192,0.019574185301541203
2023-11-03,-0.005181136452100943,0.008859606910930351,0.0038386235328597973,0.01262850099630275,0.012861595807821757,0.018012276730940746,0.03445514183815601,0.018888432162927016,0.006635907937775798,0.0014387815577772134
2023-11-06,0.014605132706698498,0.003175742731054365,0.008225103459209127,0.00890770428442833,0.01057258812099482,0.005504683512460806,0.016575850309684448,-0.02638145423335525,-0.0031369449915676917,-0.00045156042574079347
2023-11-07,0.014450716321886103,0.03492793275025852,0.02125376487729147,0.005527851660478422,0.011219253902829296,-0.00029904054315865736,0.004459021238708338,0.00018312223409133743,0.013271256198382764,0.005256906584231613
2023-11-08,0.005884940502714597,0.0001879448893853386,-0.004414580990635519,0.006642747751478106,0.007405826542289606,0.004693883283127143,0.013469620062411813,0.008237246094474182,-0.00031502415940676265,-0.0013919735066665329
2023-11-09,-0.002624540625924876,-0.012933329954715078,-0.010416636461610618,-0.012135877050797772,-0.006910871700376298,-0.003435245668079845,0.0080731934586038,-0.01452438317289162,-0.054612601186257326,-0.009306803070415537
2023-11-10,0.023220070519692326,0.03371755599062376,0.021052569890351647,0.018043605957757558,0.02489674256180563,0.027783514897087747,0.029499412067834907,0.009027297153398006,0.022240205086035525,0.014939617916589265
2023-11-13,-0.008583611836455063,-0.011519949407512775,-0.006756765374750118,-0.00377108844481866,-0.008088323140390097,-0.00585814143277863,0.005896361859083932,-0.0069381242457405845,0.04220830689495392,-0.00236493073132249
2023-11-14,0.014285668224172765,0.023698190192006363,0.02251214528584833,0.011582996847592897,0.009790540144093862,0.009063917105740282,0.021308083168715797,0.042103345122728175,0.06123998273248876,0.00927783193087528
2023-11-15,0.003040898606853304,-0.014925652004985634,-0.017832688951265996,0.0074839248413234305,0.0004059905572797451,0.029622219381971515,-0.0154664159866017,0.027699359322001404,0.022871793909364557,0.004737929109684513
2023-11-16,0.00904221776539682,0.011338630339960964,-0.0025837648398919777,0.017159456589405986,0.017583326442525138,0.010845585442149419,0.01210942240700108,-0.02454936146224518,-0.038090924639652135,0.0018540247058436155
2023-11-17,-0.00010550059994407501,0.0009965378672731617,0.016453061783939793,-0.011830905967352034,-0.0168009682907575,-0.002227237429561879,-0.0036782645870565567,-0.004927820851825526,0.0030395424675642158,0.003982827525964794
2023-11-20,0.009278266733818263,0.016659541880827966,0.0065436854591447435,0.0069470991283102634,0.02052182612227904,0.018372641693269465,0.022536348024654318,0.0079589804678597,0.005548455120893081,0.0016428787802167388
2023-11-21,-0.0042308291750050575,-0.0027909612185195165,-0.015260459261028925,0.005284422859669791,-0.011577958366611463,0.0010116782622571208,-0.009224504316298954,-0.0278996333700523,0.023769060694616817,0.009041047982708328
2023-11-22,0.003514464538433293,0.014288254485807839,0.019527539517508297,0.01109726153044499,0.012812572248260823,0.006421702736243429,-0.024587614059319973,0.016967483769289915,-0.028980059381488954,0.0059073162141976
2023-11-24,-0.0070043126683775325,-0.00046791783555844013,0.0002044767086364363,-0.01299726573065263,-0.0011116799840211744,0.0032635932188154193,-0.01929543894517438,-0.010294672159812612,0.00529435207219775,0.0022860420445574015
2023-11-27,-0.0009475625236849972,-0.00025825863523365467,0.006746559883569869,-0.0020484257274403506,0.0031264581982493045,-0.0008132123881157138,0.009753802966503633,0.011298441303430717,0.0026757481035388775,-0.0006292437667948514
2023-11-28,0.003214077734537968,0.00653993841980971,-0.00473835354015173,0.005791242035684263,0.010802682868897628,-0.00035480815361998985,-0.008726860934541891,0.036886005560704316,0.04506946504203557,-0.004721817615335078
2023-11-29,-0.005409659583673787,-0.009513560620711403,-0.0048288883967405605,-0.016107814173803137,-0.010060002581909422,-0.0037787005398617346,0.0066708060499465205,-0.008551393698670862,-0.010457205813430348,0.005100011153322592
2023-11-30,0.0030627518004417986,-0.01033383231253826,-0.001571972217158657,-0.018223601189738536,0.00015829983071302678,-0.006747838815207574,-0.028458711051666863,-0.006210119074881004,-0.016629792613843564,0.009636985145202726
2023-12-01,0.006791365800086213,0.0023894222912321794,0.006434406632690459,-0.0050553689579044825,-0.011612178944911844,-0.017363991318294136,-0.00010695217703970972,0.03541053452377141,-0.005206597761023168,-0.0008959718558867458
2023-12-04,-0.00946462740309617,-0.01291487505167066,-0.014894936132684111,-0.019642083207295546,-0.014338806523599201,-0.02542190188979132,-0.026836363778774075,0.003352840622399933,-0.01360800559009756,-0.007837826038841866
2023-12-05,0.0210632388347034,-0.003870628002048626,0.014084566393959497,0.013305519995150172,0.009156387939708077,0.002753910590016506,0.023293736602483683,-0.032247290800020756,0.013328802806870987,0.0006680832511547496
2023-12-06,-0.00568704813236276,-0.010826539824777548,-0.016067541747663228,-0.007405139759665613,-0.00998596807535701,-0.018499358503938024,-0.022827887474927144,0.027796972742564652,0.002722829646282676,-0.0012568350254549276
2023-12-07,0.01013932354620195,0.021957389326522136,0.016329923474831087,0.0531455937648444,0.005829755363715439,0.011796809894272231,0.024020529231735033,-0.017638153176406823,0.01366087788429815,0.006016838474809161
2023-12-08,0.0074123188995061096,0.0020204021314078613,0.0036764247561378305,-0.014167813067959556,0.008842120421180377,0.003893826915099652,0.019529551670205647,0.007865921478683147,0.0049455858525417895,-0.00031281236335034546
2023-12-11,-0.01292730784979046,0.0249012347309554,-0.010378502226973785,-0.012593584179731443,-0.007829452314010332,0.013509354616725089,-0.018502938449249884,0.0016966795240651589,-0.01681426716823431,0.003049991558909282
2023-12-12,0.007920130400637104,0.013531607121431977,0.010898597193382598,-0.005776778026238438,0.008295198118199787,0.00676245461415359,0.02209024800818815,-0.0025406762119384307,-0.011387381846063915,0.011850970517179205
2023-12-13,0.016691445155710527,-0.014834396643769399,0.009221593773735215,0.0003772965028314701,-2.6752858321987816e-05,0.0366738898192831,0.009043833009710234,0.0482255082700358,0.009619842336358264,0.010864493288095689
2023-12-14,0.0007577387094963584,-0.06346713628518763,-0.00954043404920335,-0.004752281247104806,-0.022544508702111332,-0.021146764827153608,0.005448196278191153,0.0022679311629130172,0.04914543063053567,-0.013910997123098512
2023-12-15,-0.0027257322185574306,6.838058692881788e-05,0.01729753821347546,0.00500236948250099,0.013117312368043477,0.004746421152463265,0.011168603299638091,-0.009859392611645923,0.009758999874367902,-0.0027056867725373523
2023-12-18,-0.0085033793975261,0.024714394862223488,0.027338841569267247,0.024132637919879407,0.005178858321327473,0.029784344429329757,0.02427901186821302,0.0034280591727686716,-0.005601570686174839,0.0013178138132434736
2023-12-19,0.005360221116335495,0.009196684727386994,-0.0018174467759756174,0.006259234119564194,0.001636952585416962,0.018308224277709284,-0.009445445576922396,0.025052823657849554,0.0203903496997484,0.0062699016858644985
2023-12-20,-0.010713943261755454,-0.01419028989477733,-0.01085895208954335,0.012367376214446502,-0.007072787378350265,-0.011615692553056056,-0.030098418569922236,-0.02015547812881613,-0.03918825045959673,-0.011077327930118841
2023-12-21,-0.0007699904023703574,0.0068449771945024995,0.011306871390431628,0.015035352258764734,0.007878690610445993,0.0047826279772602565,0.018270342643069704,0.005183020507364633,0.029780693649462897,0.009451301055009242
2023-12-22,-0.005547433867449825,-0.0023161505890451073,-0.0027300973670256745,0.007620092003766343,0.002784208164802182,-0.009865494457906854,-0.00326592360680944,-0.003544976084995821,-0.007701401626197146,-0.004276830537877752
2023-12-26,-0.0028409196280722027,-0.0008183552974947439,-6.514474615582078e-05,0.00021204788265771768,0.00021358151090611344,0.009100979100387319,0.009195051333163784,0.011642969258191194,0.01611622781987765,0.0028247479304797096
2023-12-27,0.0005179017192848967,-0.0036438883431892943,-0.0004563413242133496,-0.008126167216985558,-0.001574786413001461,0.0012215356593849869,0.0028003657639550372,0.0019181414522153606,0.018822405072142834,-0.0008875161615050642
2023-12-28,0.002226283417388064,-0.0009394670892135526,0.0002609139551152939,-0.0009973073571986069,0.003234619997654953,-0.0026027344131778207,0.0021248082831855086,0.006381645244597722,-0.03159428430420175,0.005677270405392898
2023-12-29,-0.005424105886755126,0.0018134672542788888,-0.009388462612883952,-0.003850830615525047,0.0020251582223724807,-0.00740047055216464,0.0,-0.026474349003909325,-0.018563856087399966,-0.00019197350765598475
